       1  4800606  |        1  4800606  |  4800606  4800606  |   100.00  |  4800606  4800606  |   100.00   100.00  | B_caecimuris	B_caecimuris	[IDENTITY]
  115278   115584  |   135864   135558  |      307      307  |    97.07  |  4800606  4800606  |     0.01     0.01  | B_caecimuris	B_caecimuris	
  115477   116905  |  3331181  3329753  |     1429     1429  |    98.11  |  4800606  4800606  |     0.03     0.03  | B_caecimuris	B_caecimuris	
  115585   116905  |  1244956  1243636  |     1321     1321  |   100.00  |  4800606  4800606  |     0.03     0.03  | B_caecimuris	B_caecimuris	
  115539   116906  |  1243629  1242262  |     1368     1368  |    98.61  |  4800606  4800606  |     0.03     0.03  | B_caecimuris	B_caecimuris	
  116905   117155  |  4325805  4325552  |      251      254  |    97.64  |  4800606  4800606  |     0.01     0.01  | B_caecimuris	B_caecimuris	
  116905   117154  |   297211   296962  |      250      250  |    97.60  |  4800606  4800606  |     0.01     0.01  | B_caecimuris	B_caecimuris	
  116905   117154  |  3927499  3927250  |      250      250  |    98.00  |  4800606  4800606  |     0.01     0.01  | B_caecimuris	B_caecimuris	
  135315   135858  |  4345188  4344645  |      544      544  |    98.16  |  4800606  4800606  |     0.01     0.01  | B_caecimuris	B_caecimuris	
  135558   135864  |   115584   115278  |      307      307  |    97.07  |  4800606  4800606  |     0.01     0.01  | B_caecimuris	B_caecimuris	
  195460   196233  |  2526886  2526114  |      774      773  |    95.61  |  4800606  4800606  |     0.02     0.02  | B_caecimuris	B_caecimuris	
  210527   210663  |  4784902  4784766  |      137      137  |   100.00  |  4800606  4800606  |     0.00     0.00  | B_caecimuris	B_caecimuris	
  233879   235252  |  1333308  1331936  |     1374     1373  |    84.67  |  4800606  4800606  |     0.03     0.03  | B_caecimuris	B_caecimuris	
  238682   238929  |  1441906  1441660  |      248      247  |    89.96  |  4800606  4800606  |     0.01     0.01  | B_caecimuris	B_caecimuris	
  241263   249586  |  1439999  1431673  |     8324     8327  |    94.10  |  4800606  4800606  |     0.17     0.17  | B_caecimuris	B_caecimuris	
  251593   252733  |  2092730  2091590  |     1141     1141  |    96.23  |  4800606  4800606  |     0.02     0.02  | B_caecimuris	B_caecimuris	
  252717   253209  |  4749446  4748954  |      493      493  |    98.58  |  4800606  4800606  |     0.01     0.01  | B_caecimuris	B_caecimuris	
  253487   254141  |  2090325  2089672  |      655      654  |    97.41  |  4800606  4800606  |     0.01     0.01  | B_caecimuris	B_caecimuris	
  254602   254979  |  1795490  1795113  |      378      378  |    99.74  |  4800606  4800606  |     0.01     0.01  | B_caecimuris	B_caecimuris	
  254610   254979  |  1792097  1791728  |      370      370  |   100.00  |  4800606  4800606  |     0.01     0.01  | B_caecimuris	B_caecimuris	
  254610   254979  |  1801977  1801608  |      370      370  |   100.00  |  4800606  4800606  |     0.01     0.01  | B_caecimuris	B_caecimuris	
  254986   257169  |  2088947  2086764  |     2184     2184  |    96.34  |  4800606  4800606  |     0.05     0.05  | B_caecimuris	B_caecimuris	
  255078   255970  |  1789089  1788197  |      893      893  |    85.23  |  4800606  4800606  |     0.02     0.02  | B_caecimuris	B_caecimuris	
  255078   255969  |  4742939  4742048  |      892      892  |    82.96  |  4800606  4800606  |     0.02     0.02  | B_caecimuris	B_caecimuris	
  257463   257839  |  3842343  3841946  |      377      398  |    86.68  |  4800606  4800606  |     0.01     0.01  | B_caecimuris	B_caecimuris	
  257445   257968  |  2141817  2141268  |      524      550  |    90.18  |  4800606  4800606  |     0.01     0.01  | B_caecimuris	B_caecimuris	
  257447   258029  |  3756949  3756346  |      583      604  |    89.27  |  4800606  4800606  |     0.01     0.01  | B_caecimuris	B_caecimuris	
  262668   262963  |  2438789  2438494  |      296      296  |    97.64  |  4800606  4800606  |     0.01     0.01  | B_caecimuris	B_caecimuris	
  288220   289837  |  1605632  1604015  |     1618     1618  |    99.38  |  4800606  4800606  |     0.03     0.03  | B_caecimuris	B_caecimuris	
  288221   289837  |  1454919  1453303  |     1617     1617  |    99.38  |  4800606  4800606  |     0.03     0.03  | B_caecimuris	B_caecimuris	
  289660   289844  |  4798754  4798570  |      185      185  |    97.84  |  4800606  4800606  |     0.00     0.00  | B_caecimuris	B_caecimuris	
  296964   297506  |  2481508  2480967  |      543      542  |    96.87  |  4800606  4800606  |     0.01     0.01  | B_caecimuris	B_caecimuris	
  343620   344183  |  2244431  2243868  |      564      564  |    93.79  |  4800606  4800606  |     0.01     0.01  | B_caecimuris	B_caecimuris	
  343625   344144  |  4116275  4115756  |      520      520  |    93.46  |  4800606  4800606  |     0.01     0.01  | B_caecimuris	B_caecimuris	
  343651   344172  |   661556   661033  |      522      524  |    90.86  |  4800606  4800606  |     0.01     0.01  | B_caecimuris	B_caecimuris	
  343678   344157  |  4634465  4633986  |      480      480  |    91.89  |  4800606  4800606  |     0.01     0.01  | B_caecimuris	B_caecimuris	
  343703   344159  |  3417846  3417390  |      457      457  |    92.12  |  4800606  4800606  |     0.01     0.01  | B_caecimuris	B_caecimuris	
  343703   344165  |  3713801  3713339  |      463      463  |    93.53  |  4800606  4800606  |     0.01     0.01  | B_caecimuris	B_caecimuris	
  343703   344158  |  3119446  3118991  |      456      456  |    92.54  |  4800606  4800606  |     0.01     0.01  | B_caecimuris	B_caecimuris	
  343688   344158  |   152296   151827  |      471      470  |    90.45  |  4800606  4800606  |     0.01     0.01  | B_caecimuris	B_caecimuris	
  344279   344401  |  3417390  3417268  |      123      123  |    94.31  |  4800606  4800606  |     0.00     0.00  | B_caecimuris	B_caecimuris	
  344286   344401  |  3713338  3713223  |      116      116  |    93.97  |  4800606  4800606  |     0.00     0.00  | B_caecimuris	B_caecimuris	
  354298   356341  |  1860148  1858105  |     2044     2044  |    99.90  |  4800606  4800606  |     0.04     0.04  | B_caecimuris	B_caecimuris	
  489536   492266  |  1480600  1477870  |     2731     2731  |    99.85  |  4800606  4800606  |     0.06     0.06  | B_caecimuris	B_caecimuris	
  489537   492266  |  4174730  4172001  |     2730     2730  |    99.96  |  4800606  4800606  |     0.06     0.06  | B_caecimuris	B_caecimuris	
  489537   491900  |  3754723  3752360  |     2364     2364  |    98.69  |  4800606  4800606  |     0.05     0.05  | B_caecimuris	B_caecimuris	
  489533   492266  |  4447595  4444862  |     2734     2734  |    98.02  |  4800606  4800606  |     0.06     0.06  | B_caecimuris	B_caecimuris	
  489537   491192  |  3216419  3214764  |     1656     1656  |    97.89  |  4800606  4800606  |     0.03     0.03  | B_caecimuris	B_caecimuris	
  490048   491347  |  4800085  4798765  |     1300     1321  |    95.31  |  4800606  4800606  |     0.03     0.03  | B_caecimuris	B_caecimuris	
  489536   492265  |   630977   628250  |     2730     2728  |    95.53  |  4800606  4800606  |     0.06     0.06  | B_caecimuris	B_caecimuris	
  491267   492266  |   210526   209529  |     1000      998  |    94.51  |  4800606  4800606  |     0.02     0.02  | B_caecimuris	B_caecimuris	
  497305   500029  |  4741775  4739051  |     2725     2725  |   100.00  |  4800606  4800606  |     0.06     0.06  | B_caecimuris	B_caecimuris	
  497307   500031  |  3657747  3655023  |     2725     2725  |    99.93  |  4800606  4800606  |     0.06     0.06  | B_caecimuris	B_caecimuris	
  505483   505610  |  3807317  3807190  |      128      128  |    99.22  |  4800606  4800606  |     0.00     0.00  | B_caecimuris	B_caecimuris	
  505484   508126  |  4754580  4751938  |     2643     2643  |    99.92  |  4800606  4800606  |     0.06     0.06  | B_caecimuris	B_caecimuris	
  562463   562550  |  2529172  2529088  |       88       85  |    96.59  |  4800606  4800606  |     0.00     0.00  | B_caecimuris	B_caecimuris	
  608561   609350  |  1566060  1565271  |      790      790  |    92.68  |  4800606  4800606  |     0.02     0.02  | B_caecimuris	B_caecimuris	
  628250   629292  |  4786699  4785655  |     1043     1045  |    92.45  |  4800606  4800606  |     0.02     0.02  | B_caecimuris	B_caecimuris	
  630339   630977  |   698995   698357  |      639      639  |    95.31  |  4800606  4800606  |     0.01     0.01  | B_caecimuris	B_caecimuris	
  661072   661554  |   822631   822162  |      483      470  |    85.54  |  4800606  4800606  |     0.01     0.01  | B_caecimuris	B_caecimuris	
  683586   685028  |  4064541  4063099  |     1443     1443  |    99.45  |  4800606  4800606  |     0.03     0.03  | B_caecimuris	B_caecimuris	
  683586   685004  |  2528893  2527475  |     1419     1419  |    99.65  |  4800606  4800606  |     0.03     0.03  | B_caecimuris	B_caecimuris	
  698357   698995  |   630977   630339  |      639      639  |    95.31  |  4800606  4800606  |     0.01     0.01  | B_caecimuris	B_caecimuris	
  707247   707616  |  2141638  2141268  |      370      371  |    91.13  |  4800606  4800606  |     0.01     0.01  | B_caecimuris	B_caecimuris	
  707247   707677  |  3756777  3756346  |      431      432  |    94.21  |  4800606  4800606  |     0.01     0.01  | B_caecimuris	B_caecimuris	
  707247   707677  |  3842187  3841709  |      431      479  |    84.62  |  4800606  4800606  |     0.01     0.01  | B_caecimuris	B_caecimuris	
  707926   709981  |  1102296  1100241  |     2056     2056  |    99.85  |  4800606  4800606  |     0.04     0.04  | B_caecimuris	B_caecimuris	
  741223   741394  |  3647640  3647469  |      172      172  |    98.84  |  4800606  4800606  |     0.00     0.00  | B_caecimuris	B_caecimuris	
  741219   741358  |  4771357  4771219  |      140      139  |    92.86  |  4800606  4800606  |     0.00     0.00  | B_caecimuris	B_caecimuris	
  755183   755341  |  1480601  1480443  |      159      159  |   100.00  |  4800606  4800606  |     0.00     0.00  | B_caecimuris	B_caecimuris	
  782811   782936  |  2527252  2527126  |      126      127  |    89.84  |  4800606  4800606  |     0.00     0.00  | B_caecimuris	B_caecimuris	
  822164   822631  |  4116245  4115767  |      468      479  |    85.86  |  4800606  4800606  |     0.01     0.01  | B_caecimuris	B_caecimuris	
  822162   822631  |   661554   661072  |      470      483  |    85.54  |  4800606  4800606  |     0.01     0.01  | B_caecimuris	B_caecimuris	
  822212   822631  |  3119446  3119016  |      420      431  |    85.91  |  4800606  4800606  |     0.01     0.01  | B_caecimuris	B_caecimuris	
  873592   875636  |  1102294  1100250  |     2045     2045  |   100.00  |  4800606  4800606  |     0.04     0.04  | B_caecimuris	B_caecimuris	
  873592   875636  |   961199   959155  |     2045     2045  |   100.00  |  4800606  4800606  |     0.04     0.04  | B_caecimuris	B_caecimuris	
  941372   941787  |  1470834  1470420  |      416      415  |    82.62  |  4800606  4800606  |     0.01     0.01  | B_caecimuris	B_caecimuris	
  943167   946720  |  4691719  4688166  |     3554     3554  |    99.94  |  4800606  4800606  |     0.07     0.07  | B_caecimuris	B_caecimuris	
  946690   949265  |  1465557  1462970  |     2576     2588  |    82.36  |  4800606  4800606  |     0.05     0.05  | B_caecimuris	B_caecimuris	
  959153   961199  |  1862188  1860142  |     2047     2047  |    99.90  |  4800606  4800606  |     0.04     0.04  | B_caecimuris	B_caecimuris	
  985992   986119  |  4716423  4716296  |      128      128  |    99.22  |  4800606  4800606  |     0.00     0.00  | B_caecimuris	B_caecimuris	
 1012455  1012535  |  4187144  4187064  |       81       81  |   100.00  |  4800606  4800606  |     0.00     0.00  | B_caecimuris	B_caecimuris	
 1037422  1037677  |  4216935  4216657  |      256      279  |    87.54  |  4800606  4800606  |     0.01     0.01  | B_caecimuris	B_caecimuris	
 1080174  1081952  |  1109448  1107670  |     1779     1779  |    97.47  |  4800606  4800606  |     0.04     0.04  | B_caecimuris	B_caecimuris	
 1100039  1100249  |  3342410  3342200  |      211      211  |    95.26  |  4800606  4800606  |     0.00     0.00  | B_caecimuris	B_caecimuris	
 1100241  1102296  |   709981   707926  |     2056     2056  |    99.85  |  4800606  4800606  |     0.04     0.04  | B_caecimuris	B_caecimuris	
 1100249  1102295  |  1862187  1860141  |     2047     2047  |    99.90  |  4800606  4800606  |     0.04     0.04  | B_caecimuris	B_caecimuris	
 1107670  1109448  |  1081952  1080174  |     1779     1779  |    97.47  |  4800606  4800606  |     0.04     0.04  | B_caecimuris	B_caecimuris	
 1108915  1109568  |  2706999  2706349  |      654      651  |    81.40  |  4800606  4800606  |     0.01     0.01  | B_caecimuris	B_caecimuris	
 1242262  1243629  |   116906   115539  |     1368     1368  |    98.61  |  4800606  4800606  |     0.03     0.03  | B_caecimuris	B_caecimuris	
 1243613  1244972  |  4202223  4200865  |     1360     1359  |    99.26  |  4800606  4800606  |     0.03     0.03  | B_caecimuris	B_caecimuris	
 1243625  1244978  |  4512254  4510902  |     1354     1353  |    99.48  |  4800606  4800606  |     0.03     0.03  | B_caecimuris	B_caecimuris	
 1254422  1255236  |  1838112  1837301  |      815      812  |    90.95  |  4800606  4800606  |     0.02     0.02  | B_caecimuris	B_caecimuris	
 1256890  1258210  |  1835082  1833763  |     1321     1320  |    85.75  |  4800606  4800606  |     0.03     0.03  | B_caecimuris	B_caecimuris	
 1258971  1260217  |  1833081  1831835  |     1247     1247  |    80.34  |  4800606  4800606  |     0.03     0.03  | B_caecimuris	B_caecimuris	
 1260537  1261699  |  1831514  1830352  |     1163     1163  |    89.60  |  4800606  4800606  |     0.02     0.02  | B_caecimuris	B_caecimuris	
 1264189  1269487  |  1830351  1824994  |     5299     5358  |    84.62  |  4800606  4800606  |     0.11     0.11  | B_caecimuris	B_caecimuris	
 1269488  1272305  |  1822592  1819780  |     2818     2813  |    88.41  |  4800606  4800606  |     0.06     0.06  | B_caecimuris	B_caecimuris	
 1272654  1272897  |  1819408  1819165  |      244      244  |    84.90  |  4800606  4800606  |     0.01     0.01  | B_caecimuris	B_caecimuris	
 1275117  1276172  |  1816784  1815728  |     1056     1057  |    88.77  |  4800606  4800606  |     0.02     0.02  | B_caecimuris	B_caecimuris	
 1276285  1279041  |  1815615  1812856  |     2757     2760  |    86.23  |  4800606  4800606  |     0.06     0.06  | B_caecimuris	B_caecimuris	
 1285148  1286856  |  1809586  1807876  |     1709     1711  |    83.49  |  4800606  4800606  |     0.04     0.04  | B_caecimuris	B_caecimuris	
 1291828  1292838  |  1786991  1785981  |     1011     1011  |    87.85  |  4800606  4800606  |     0.02     0.02  | B_caecimuris	B_caecimuris	
 1292839  1293877  |  1783497  1782459  |     1039     1039  |    85.49  |  4800606  4800606  |     0.02     0.02  | B_caecimuris	B_caecimuris	
 1297298  1299205  |  1776284  1774380  |     1908     1905  |    87.91  |  4800606  4800606  |     0.04     0.04  | B_caecimuris	B_caecimuris	
 1299846  1305354  |  1773703  1768188  |     5509     5516  |    85.96  |  4800606  4800606  |     0.11     0.11  | B_caecimuris	B_caecimuris	
 1331936  1333308  |   235252   233879  |     1373     1374  |    84.67  |  4800606  4800606  |     0.03     0.03  | B_caecimuris	B_caecimuris	
 1344994  1347717  |  3657748  3655025  |     2724     2724  |    99.93  |  4800606  4800606  |     0.06     0.06  | B_caecimuris	B_caecimuris	
 1379761  1380301  |  4234269  4233727  |      541      543  |    97.43  |  4800606  4800606  |     0.01     0.01  | B_caecimuris	B_caecimuris	
 1379762  1380305  |  4326096  4325551  |      544      546  |    97.44  |  4800606  4800606  |     0.01     0.01  | B_caecimuris	B_caecimuris	
 1379759  1380307  |  2412585  2412038  |      549      548  |    97.45  |  4800606  4800606  |     0.01     0.01  | B_caecimuris	B_caecimuris	
 1379944  1380305  |  3358013  3357653  |      362      361  |    97.79  |  4800606  4800606  |     0.01     0.01  | B_caecimuris	B_caecimuris	
 1379986  1380301  |  3806938  3806624  |      316      315  |    98.10  |  4800606  4800606  |     0.01     0.01  | B_caecimuris	B_caecimuris	
 1379758  1380301  |   297507   296964  |      544      544  |    97.61  |  4800606  4800606  |     0.01     0.01  | B_caecimuris	B_caecimuris	
 1403544  1403667  |  2261368  2261245  |      124      124  |   100.00  |  4800606  4800606  |     0.00     0.00  | B_caecimuris	B_caecimuris	
 1403545  1405161  |  1605631  1604015  |     1617     1617  |    99.07  |  4800606  4800606  |     0.03     0.03  | B_caecimuris	B_caecimuris	
 1403544  1405162  |  1454920  1453302  |     1619     1619  |    98.83  |  4800606  4800606  |     0.03     0.03  | B_caecimuris	B_caecimuris	
 1404984  1405166  |  4798754  4798572  |      183      183  |    98.91  |  4800606  4800606  |     0.00     0.00  | B_caecimuris	B_caecimuris	
 1410381  1411245  |  1561724  1560860  |      865      865  |    97.92  |  4800606  4800606  |     0.02     0.02  | B_caecimuris	B_caecimuris	
 1411246  1413886  |  1427908  1425268  |     2641     2641  |    99.96  |  4800606  4800606  |     0.06     0.06  | B_caecimuris	B_caecimuris	
 1411246  1413886  |   508124   505484  |     2641     2641  |    99.92  |  4800606  4800606  |     0.06     0.06  | B_caecimuris	B_caecimuris	
 1411246  1413887  |  1489063  1486421  |     2642     2643  |    99.89  |  4800606  4800606  |     0.06     0.06  | B_caecimuris	B_caecimuris	
 1413894  1414108  |  3689871  3689657  |      215      215  |    93.49  |  4800606  4800606  |     0.00     0.00  | B_caecimuris	B_caecimuris	
 1415931  1418299  |  3754728  3752360  |     2369     2369  |    99.62  |  4800606  4800606  |     0.05     0.05  | B_caecimuris	B_caecimuris	
 1415936  1417591  |  3216419  3214764  |     1656     1656  |    97.71  |  4800606  4800606  |     0.03     0.03  | B_caecimuris	B_caecimuris	
 1415936  1418668  |  4447591  4444859  |     2733     2733  |    99.41  |  4800606  4800606  |     0.06     0.06  | B_caecimuris	B_caecimuris	
 1415936  1418664  |   630976   628250  |     2729     2727  |    96.19  |  4800606  4800606  |     0.06     0.06  | B_caecimuris	B_caecimuris	
 1415936  1418665  |  1480599  1477870  |     2730     2730  |    97.99  |  4800606  4800606  |     0.06     0.06  | B_caecimuris	B_caecimuris	
 1415936  1418665  |  4174730  4172001  |     2730     2730  |    98.02  |  4800606  4800606  |     0.06     0.06  | B_caecimuris	B_caecimuris	
 1416447  1417746  |  4800085  4798765  |     1300     1321  |    94.93  |  4800606  4800606  |     0.03     0.03  | B_caecimuris	B_caecimuris	
 1417666  1418670  |   210526   209525  |     1005     1002  |    92.64  |  4800606  4800606  |     0.02     0.02  | B_caecimuris	B_caecimuris	
 1418024  1418664  |  3750660  3750020  |      641      641  |   100.00  |  4800606  4800606  |     0.01     0.01  | B_caecimuris	B_caecimuris	
 1425264  1427909  |  1450915  1448270  |     2646     2646  |    99.96  |  4800606  4800606  |     0.06     0.06  | B_caecimuris	B_caecimuris	
 1431673  1439999  |   249586   241263  |     8327     8324  |    94.10  |  4800606  4800606  |     0.17     0.17  | B_caecimuris	B_caecimuris	
 1438585  1438819  |  3695156  3694920  |      235      237  |    88.66  |  4800606  4800606  |     0.00     0.00  | B_caecimuris	B_caecimuris	
 1441660  1441906  |   238929   238682  |      247      248  |    89.96  |  4800606  4800606  |     0.01     0.01  | B_caecimuris	B_caecimuris	
 1448269  1450911  |  4737900  4735258  |     2643     2643  |    99.92  |  4800606  4800606  |     0.06     0.06  | B_caecimuris	B_caecimuris	
 1448270  1450915  |  1427909  1425264  |     2646     2646  |    99.96  |  4800606  4800606  |     0.06     0.06  | B_caecimuris	B_caecimuris	
 1453302  1454920  |  2555427  2553809  |     1619     1619  |    98.76  |  4800606  4800606  |     0.03     0.03  | B_caecimuris	B_caecimuris	
 1453303  1454919  |   289837   288221  |     1617     1617  |    99.38  |  4800606  4800606  |     0.03     0.03  | B_caecimuris	B_caecimuris	
 1453302  1454920  |  1405162  1403544  |     1619     1619  |    98.83  |  4800606  4800606  |     0.03     0.03  | B_caecimuris	B_caecimuris	
 1458002  1458078  |  1459494  1459418  |       77       77  |   100.00  |  4800606  4800606  |     0.00     0.00  | B_caecimuris	B_caecimuris	
 1459418  1459494  |  1458078  1458002  |       77       77  |   100.00  |  4800606  4800606  |     0.00     0.00  | B_caecimuris	B_caecimuris	
 1462970  1465557  |   949265   946690  |     2588     2576  |    82.36  |  4800606  4800606  |     0.05     0.05  | B_caecimuris	B_caecimuris	
 1470420  1470834  |   941787   941372  |      415      416  |    82.62  |  4800606  4800606  |     0.01     0.01  | B_caecimuris	B_caecimuris	
 1477870  1480600  |   492266   489536  |     2731     2731  |    99.85  |  4800606  4800606  |     0.06     0.06  | B_caecimuris	B_caecimuris	
 1480443  1480601  |   755341   755183  |      159      159  |   100.00  |  4800606  4800606  |     0.00     0.00  | B_caecimuris	B_caecimuris	
 1486421  1489063  |  1413887  1411246  |     2643     2642  |    99.89  |  4800606  4800606  |     0.06     0.06  | B_caecimuris	B_caecimuris	
 1513022  1514050  |  4366172  4365144  |     1029     1029  |    91.93  |  4800606  4800606  |     0.02     0.02  | B_caecimuris	B_caecimuris	
 1513022  1514046  |  2717173  2716149  |     1025     1025  |    91.80  |  4800606  4800606  |     0.02     0.02  | B_caecimuris	B_caecimuris	
 1513022  1514050  |  2556687  2555659  |     1029     1029  |    92.03  |  4800606  4800606  |     0.02     0.02  | B_caecimuris	B_caecimuris	
 1513022  1514046  |  3674180  3673156  |     1025     1025  |    92.00  |  4800606  4800606  |     0.02     0.02  | B_caecimuris	B_caecimuris	
 1513022  1514050  |  3685552  3684524  |     1029     1029  |    91.93  |  4800606  4800606  |     0.02     0.02  | B_caecimuris	B_caecimuris	
 1513022  1514049  |  1538171  1537144  |     1028     1028  |   100.00  |  4800606  4800606  |     0.02     0.02  | B_caecimuris	B_caecimuris	
 1529872  1532380  |  1786003  1783495  |     2509     2509  |    99.76  |  4800606  4800606  |     0.05     0.05  | B_caecimuris	B_caecimuris	
 1537144  1538171  |  1514049  1513022  |     1028     1028  |   100.00  |  4800606  4800606  |     0.02     0.02  | B_caecimuris	B_caecimuris	
 1552312  1552455  |  4795098  4794955  |      144      144  |    98.61  |  4800606  4800606  |     0.00     0.00  | B_caecimuris	B_caecimuris	
 1552438  1552689  |  2261121  2260870  |      252      252  |   100.00  |  4800606  4800606  |     0.01     0.01  | B_caecimuris	B_caecimuris	
 1552439  1552689  |  3807189  3806939  |      251      251  |   100.00  |  4800606  4800606  |     0.01     0.01  | B_caecimuris	B_caecimuris	
 1560860  1561724  |  1411245  1410381  |      865      865  |    97.92  |  4800606  4800606  |     0.02     0.02  | B_caecimuris	B_caecimuris	
 1565271  1566060  |   609350   608561  |      790      790  |    92.68  |  4800606  4800606  |     0.02     0.02  | B_caecimuris	B_caecimuris	
 1599924  1600118  |  3359789  3359595  |      195      195  |   100.00  |  4800606  4800606  |     0.00     0.00  | B_caecimuris	B_caecimuris	
 1599927  1600376  |  4326096  4325647  |      450      450  |    98.00  |  4800606  4800606  |     0.01     0.01  | B_caecimuris	B_caecimuris	
 1599922  1600373  |   297508   297056  |      452      453  |    97.35  |  4800606  4800606  |     0.01     0.01  | B_caecimuris	B_caecimuris	
 1600109  1600376  |  3358013  3357746  |      268      268  |    98.88  |  4800606  4800606  |     0.01     0.01  | B_caecimuris	B_caecimuris	
 1604015  1605631  |  2555426  2553810  |     1617     1617  |    98.76  |  4800606  4800606  |     0.03     0.03  | B_caecimuris	B_caecimuris	
 1604015  1605631  |  1405161  1403545  |     1617     1617  |    99.07  |  4800606  4800606  |     0.03     0.03  | B_caecimuris	B_caecimuris	
 1604015  1605632  |   289837   288220  |     1618     1618  |    99.38  |  4800606  4800606  |     0.03     0.03  | B_caecimuris	B_caecimuris	
 1623622  1623866  |  3807561  3807317  |      245      245  |    99.18  |  4800606  4800606  |     0.01     0.01  | B_caecimuris	B_caecimuris	
 1628391  1628996  |  4183095  4182490  |      606      606  |    91.75  |  4800606  4800606  |     0.01     0.01  | B_caecimuris	B_caecimuris	
 1684559  1684637  |  3718248  3718170  |       79       79  |   100.00  |  4800606  4800606  |     0.00     0.00  | B_caecimuris	B_caecimuris	
 1768187  1769864  |  4693386  4691703  |     1678     1684  |    91.69  |  4800606  4800606  |     0.03     0.04  | B_caecimuris	B_caecimuris	
 1768188  1773703  |  1305354  1299846  |     5516     5509  |    85.96  |  4800606  4800606  |     0.11     0.11  | B_caecimuris	B_caecimuris	
 1774380  1776284  |  1299205  1297298  |     1905     1908  |    87.91  |  4800606  4800606  |     0.04     0.04  | B_caecimuris	B_caecimuris	
 1782459  1783497  |  1293877  1292839  |     1039     1039  |    85.49  |  4800606  4800606  |     0.02     0.02  | B_caecimuris	B_caecimuris	
 1783495  1786003  |  1532380  1529872  |     2509     2509  |    99.76  |  4800606  4800606  |     0.05     0.05  | B_caecimuris	B_caecimuris	
 1784524  1784648  |  1423648  1423524  |      125      125  |    89.60  |  4800606  4800606  |     0.00     0.00  | B_caecimuris	B_caecimuris	
 1785981  1786991  |  1292838  1291828  |     1011     1011  |    87.85  |  4800606  4800606  |     0.02     0.02  | B_caecimuris	B_caecimuris	
 1788197  1789089  |   255970   255078  |      893      893  |    85.23  |  4800606  4800606  |     0.02     0.02  | B_caecimuris	B_caecimuris	
 1795113  1795490  |   254979   254602  |      378      378  |    99.74  |  4800606  4800606  |     0.01     0.01  | B_caecimuris	B_caecimuris	
 1806499  1809065  |  4177631  4175068  |     2567     2564  |    85.80  |  4800606  4800606  |     0.05     0.05  | B_caecimuris	B_caecimuris	
 1807876  1809586  |  1286856  1285148  |     1711     1709  |    83.49  |  4800606  4800606  |     0.04     0.04  | B_caecimuris	B_caecimuris	
 1812856  1815615  |  1279041  1276285  |     2760     2757  |    86.23  |  4800606  4800606  |     0.06     0.06  | B_caecimuris	B_caecimuris	
 1815728  1816784  |  1276172  1275117  |     1057     1056  |    88.77  |  4800606  4800606  |     0.02     0.02  | B_caecimuris	B_caecimuris	
 1819165  1819408  |  1272897  1272654  |      244      244  |    84.96  |  4800606  4800606  |     0.01     0.01  | B_caecimuris	B_caecimuris	
 1819780  1822592  |  1272305  1269488  |     2813     2818  |    88.41  |  4800606  4800606  |     0.06     0.06  | B_caecimuris	B_caecimuris	
 1824994  1830351  |  1269487  1264189  |     5358     5299  |    84.58  |  4800606  4800606  |     0.11     0.11  | B_caecimuris	B_caecimuris	
 1830352  1831514  |  1261699  1260537  |     1163     1163  |    89.60  |  4800606  4800606  |     0.02     0.02  | B_caecimuris	B_caecimuris	
 1831835  1833081  |  1260217  1258971  |     1247     1247  |    80.34  |  4800606  4800606  |     0.03     0.03  | B_caecimuris	B_caecimuris	
 1833763  1835082  |  1258210  1256890  |     1320     1321  |    85.75  |  4800606  4800606  |     0.03     0.03  | B_caecimuris	B_caecimuris	
 1837301  1838112  |  1255236  1254422  |      812      815  |    90.95  |  4800606  4800606  |     0.02     0.02  | B_caecimuris	B_caecimuris	
 1858105  1860148  |   356341   354298  |     2044     2044  |    99.90  |  4800606  4800606  |     0.04     0.04  | B_caecimuris	B_caecimuris	
 1860141  1862187  |  1102295  1100249  |     2047     2047  |    99.90  |  4800606  4800606  |     0.04     0.04  | B_caecimuris	B_caecimuris	
 1860142  1862188  |   961199   959153  |     2047     2047  |    99.90  |  4800606  4800606  |     0.04     0.04  | B_caecimuris	B_caecimuris	
 1894916  1895139  |  1358116  1357892  |      224      225  |    89.33  |  4800606  4800606  |     0.00     0.00  | B_caecimuris	B_caecimuris	
 1976781  1977215  |  1358282  1357846  |      435      437  |    81.86  |  4800606  4800606  |     0.01     0.01  | B_caecimuris	B_caecimuris	
 2000726  2000960  |  4004271  4004037  |      235      235  |    98.30  |  4800606  4800606  |     0.00     0.00  | B_caecimuris	B_caecimuris	
 2000726  2001269  |  4234269  4233727  |      544      543  |    98.53  |  4800606  4800606  |     0.01     0.01  | B_caecimuris	B_caecimuris	
 2000951  2001269  |  3806938  3806624  |      319      315  |    97.81  |  4800606  4800606  |     0.01     0.01  | B_caecimuris	B_caecimuris	
 2000730  2001275  |   135856   135312  |      546      545  |    97.80  |  4800606  4800606  |     0.01     0.01  | B_caecimuris	B_caecimuris	
 2001073  2001269  |  4231708  4231513  |      197      196  |    98.98  |  4800606  4800606  |     0.00     0.00  | B_caecimuris	B_caecimuris	
 2000730  2001269  |  4326093  4325555  |      540      539  |    98.15  |  4800606  4800606  |     0.01     0.01  | B_caecimuris	B_caecimuris	
 2053134  2053254  |  3342330  3342210  |      121      121  |    88.43  |  4800606  4800606  |     0.00     0.00  | B_caecimuris	B_caecimuris	
 2086764  2088947  |   257169   254986  |     2184     2184  |    96.34  |  4800606  4800606  |     0.05     0.05  | B_caecimuris	B_caecimuris	
 2089672  2090325  |   254141   253487  |      654      655  |    97.41  |  4800606  4800606  |     0.01     0.01  | B_caecimuris	B_caecimuris	
 2091590  2092730  |   252733   251593  |     1141     1141  |    96.23  |  4800606  4800606  |     0.02     0.02  | B_caecimuris	B_caecimuris	
 2115522  2115615  |  2115615  2115522  |       94       94  |    91.67  |  4800606  4800606  |     0.00     0.00  | B_caecimuris	B_caecimuris	
 2141268  2141787  |  4415591  4415050  |      520      542  |    92.62  |  4800606  4800606  |     0.01     0.01  | B_caecimuris	B_caecimuris	
 2211002  2211281  |  2579639  2579361  |      280      279  |    90.36  |  4800606  4800606  |     0.01     0.01  | B_caecimuris	B_caecimuris	
 2235305  2235426  |  3342332  3342211  |      122      122  |    92.62  |  4800606  4800606  |     0.00     0.00  | B_caecimuris	B_caecimuris	
 2235642  2235903  |  4699471  4699209  |      262      263  |    87.31  |  4800606  4800606  |     0.01     0.01  | B_caecimuris	B_caecimuris	
 2243868  2244431  |   344183   343620  |      564      564  |    93.79  |  4800606  4800606  |     0.01     0.01  | B_caecimuris	B_caecimuris	
 2260868  2261110  |  2852494  2852252  |      243      243  |   100.00  |  4800606  4800606  |     0.01     0.01  | B_caecimuris	B_caecimuris	
 2260870  2261121  |  1552689  1552438  |      252      252  |   100.00  |  4800606  4800606  |     0.01     0.01  | B_caecimuris	B_caecimuris	
 2261245  2261368  |  1403667  1403544  |      124      124  |   100.00  |  4800606  4800606  |     0.00     0.00  | B_caecimuris	B_caecimuris	
 2275033  2275159  |  2527352  2527226  |      127      127  |    96.06  |  4800606  4800606  |     0.00     0.00  | B_caecimuris	B_caecimuris	
 2383021  2383403  |  4313558  4313178  |      383      381  |    89.30  |  4800606  4800606  |     0.01     0.01  | B_caecimuris	B_caecimuris	
 2389917  2390005  |  4220176  4220086  |       89       91  |    93.41  |  4800606  4800606  |     0.00     0.00  | B_caecimuris	B_caecimuris	
 2412042  2412586  |  4597215  4596671  |      545      545  |    97.98  |  4800606  4800606  |     0.01     0.01  | B_caecimuris	B_caecimuris	
 2412042  2412585  |  3910963  3910430  |      544      534  |    96.14  |  4800606  4800606  |     0.01     0.01  | B_caecimuris	B_caecimuris	
 2412038  2412585  |  1380307  1379759  |      548      549  |    97.45  |  4800606  4800606  |     0.01     0.01  | B_caecimuris	B_caecimuris	
 2412042  2412589  |  2481510  2480963  |      548      548  |    97.99  |  4800606  4800606  |     0.01     0.01  | B_caecimuris	B_caecimuris	
 2433844  2433980  |  2433980  2433844  |      137      137  |    83.69  |  4800606  4800606  |     0.00     0.00  | B_caecimuris	B_caecimuris	
 2438291  2438483  |  3797206  3797014  |      193      193  |    97.93  |  4800606  4800606  |     0.00     0.00  | B_caecimuris	B_caecimuris	
 2438318  2438789  |  4096792  4096285  |      472      508  |    88.21  |  4800606  4800606  |     0.01     0.01  | B_caecimuris	B_caecimuris	
 2438336  2438483  |   269055   268908  |      148      148  |    99.32  |  4800606  4800606  |     0.00     0.00  | B_caecimuris	B_caecimuris	
 2438336  2438483  |  4539746  4539599  |      148      148  |    99.32  |  4800606  4800606  |     0.00     0.00  | B_caecimuris	B_caecimuris	
 2438494  2438789  |   262963   262668  |      296      296  |    97.64  |  4800606  4800606  |     0.01     0.01  | B_caecimuris	B_caecimuris	
 2438494  2438789  |  4533658  4533363  |      296      296  |    98.31  |  4800606  4800606  |     0.01     0.01  | B_caecimuris	B_caecimuris	
 2438496  2438789  |  3791000  3790708  |      294      293  |    96.60  |  4800606  4800606  |     0.01     0.01  | B_caecimuris	B_caecimuris	
 2480963  2481510  |  2412589  2412042  |      548      548  |    97.99  |  4800606  4800606  |     0.01     0.01  | B_caecimuris	B_caecimuris	
 2480967  2481508  |   297506   296964  |      542      543  |    96.87  |  4800606  4800606  |     0.01     0.01  | B_caecimuris	B_caecimuris	
 2480969  2481508  |  4234269  4233727  |      540      543  |    97.42  |  4800606  4800606  |     0.01     0.01  | B_caecimuris	B_caecimuris	
 2480971  2481508  |   135858   135318  |      538      541  |    97.04  |  4800606  4800606  |     0.01     0.01  | B_caecimuris	B_caecimuris	
 2481194  2481508  |  3806938  3806624  |      315      315  |    98.10  |  4800606  4800606  |     0.01     0.01  | B_caecimuris	B_caecimuris	
 2526124  2527023  |  4702393  4701494  |      900      900  |    95.89  |  4800606  4800606  |     0.02     0.02  | B_caecimuris	B_caecimuris	
 2526122  2527023  |  3107797  3106895  |      902      903  |    93.24  |  4800606  4800606  |     0.02     0.02  | B_caecimuris	B_caecimuris	
 2526114  2526886  |   196233   195460  |      773      774  |    95.61  |  4800606  4800606  |     0.02     0.02  | B_caecimuris	B_caecimuris	
 2527126  2527252  |   782936   782811  |      127      126  |    89.84  |  4800606  4800606  |     0.00     0.00  | B_caecimuris	B_caecimuris	
 2527226  2527352  |  2275159  2275033  |      127      127  |    96.06  |  4800606  4800606  |     0.00     0.00  | B_caecimuris	B_caecimuris	
 2527475  2528893  |   685004   683586  |     1419     1419  |    99.65  |  4800606  4800606  |     0.03     0.03  | B_caecimuris	B_caecimuris	
 2527475  2528893  |  3835244  3833826  |     1419     1419  |    99.51  |  4800606  4800606  |     0.03     0.03  | B_caecimuris	B_caecimuris	
 2527475  2528893  |   742813   741395  |     1419     1419  |    99.65  |  4800606  4800606  |     0.03     0.03  | B_caecimuris	B_caecimuris	
 2527475  2528893  |  4771194  4769776  |     1419     1419  |    99.37  |  4800606  4800606  |     0.03     0.03  | B_caecimuris	B_caecimuris	
 2529088  2529172  |   562550   562463  |       85       88  |    96.59  |  4800606  4800606  |     0.00     0.00  | B_caecimuris	B_caecimuris	
 2529088  2529180  |   562235   562140  |       93       96  |    95.83  |  4800606  4800606  |     0.00     0.00  | B_caecimuris	B_caecimuris	
 2529099  2529172  |   562761   562688  |       74       74  |   100.00  |  4800606  4800606  |     0.00     0.00  | B_caecimuris	B_caecimuris	
 2553810  2555426  |  1605631  1604015  |     1617     1617  |    98.76  |  4800606  4800606  |     0.03     0.03  | B_caecimuris	B_caecimuris	
 2553809  2555427  |  1454920  1453302  |     1619     1619  |    98.76  |  4800606  4800606  |     0.03     0.03  | B_caecimuris	B_caecimuris	
 2579338  2579614  |  3372332  3372050  |      277      283  |    86.93  |  4800606  4800606  |     0.01     0.01  | B_caecimuris	B_caecimuris	
 2579361  2579639  |  2211281  2211002  |      279      280  |    90.36  |  4800606  4800606  |     0.01     0.01  | B_caecimuris	B_caecimuris	
 2579333  2579639  |  2383403  2383095  |      307      309  |    84.84  |  4800606  4800606  |     0.01     0.01  | B_caecimuris	B_caecimuris	
 2657860  2658040  |  4313566  4313386  |      181      181  |    92.86  |  4800606  4800606  |     0.00     0.00  | B_caecimuris	B_caecimuris	
 2814329  2815910  |  2659622  2658041  |     1582     1582  |    99.81  |  4800606  4800606  |     0.03     0.03  | B_caecimuris	B_caecimuris	
 2814329  2815914  |  3359595  3358010  |     1586     1586  |    99.75  |  4800606  4800606  |     0.03     0.03  | B_caecimuris	B_caecimuris	
 2846291  2846580  |  2863063  2862774  |      290      290  |    95.52  |  4800606  4800606  |     0.01     0.01  | B_caecimuris	B_caecimuris	
 2846756  2846882  |  2862763  2862637  |      127      127  |    99.21  |  4800606  4800606  |     0.00     0.00  | B_caecimuris	B_caecimuris	
 2852252  2852494  |  2261110  2260868  |      243      243  |   100.00  |  4800606  4800606  |     0.01     0.01  | B_caecimuris	B_caecimuris	
 2858456  2858583  |  2862760  2862633  |      128      128  |   100.00  |  4800606  4800606  |     0.00     0.00  | B_caecimuris	B_caecimuris	
 2862633  2862760  |  2858583  2858456  |      128      128  |   100.00  |  4800606  4800606  |     0.00     0.00  | B_caecimuris	B_caecimuris	
 2862637  2862763  |  2846882  2846756  |      127      127  |    99.21  |  4800606  4800606  |     0.00     0.00  | B_caecimuris	B_caecimuris	
 2862774  2863063  |  2858277  2857988  |      290      290  |    95.86  |  4800606  4800606  |     0.01     0.01  | B_caecimuris	B_caecimuris	
 2862774  2863063  |  2846580  2846291  |      290      290  |    95.52  |  4800606  4800606  |     0.01     0.01  | B_caecimuris	B_caecimuris	
 2874291  2874512  |  3756056  3755831  |      222      226  |    90.31  |  4800606  4800606  |     0.00     0.00  | B_caecimuris	B_caecimuris	
 2904779  2906101  |  3626551  3625229  |     1323     1323  |    99.92  |  4800606  4800606  |     0.03     0.03  | B_caecimuris	B_caecimuris	
 2904779  2906101  |  3625220  3623898  |     1323     1323  |    99.92  |  4800606  4800606  |     0.03     0.03  | B_caecimuris	B_caecimuris	
 2904781  2905590  |  3183127  3182318  |      810      810  |   100.00  |  4800606  4800606  |     0.02     0.02  | B_caecimuris	B_caecimuris	
 2904781  2906105  |  2852492  2851168  |     1325     1325  |    99.85  |  4800606  4800606  |     0.03     0.03  | B_caecimuris	B_caecimuris	
 2904781  2906101  |  1243583  1242263  |     1321     1321  |    99.55  |  4800606  4800606  |     0.03     0.03  | B_caecimuris	B_caecimuris	
 2905538  2906102  |  3180618  3180054  |      565      565  |    99.82  |  4800606  4800606  |     0.01     0.01  | B_caecimuris	B_caecimuris	
 2904781  2906102  |  1244956  1243635  |     1322     1322  |    99.92  |  4800606  4800606  |     0.03     0.03  | B_caecimuris	B_caecimuris	
 2904753  2906102  |  3331101  3329752  |     1350     1350  |    99.48  |  4800606  4800606  |     0.03     0.03  | B_caecimuris	B_caecimuris	
 3106895  3107797  |  2527023  2526122  |      903      902  |    93.24  |  4800606  4800606  |     0.02     0.02  | B_caecimuris	B_caecimuris	
 3148942  3149174  |  4699438  4699209  |      233      230  |    89.27  |  4800606  4800606  |     0.00     0.00  | B_caecimuris	B_caecimuris	
 3180019  3180618  |  4004072  4003473  |      600      600  |    98.83  |  4800606  4800606  |     0.01     0.01  | B_caecimuris	B_caecimuris	
 3180037  3180618  |  4202216  4201637  |      582      580  |    99.48  |  4800606  4800606  |     0.01     0.01  | B_caecimuris	B_caecimuris	
 3180048  3180618  |  4512250  4511680  |      571      571  |    99.65  |  4800606  4800606  |     0.01     0.01  | B_caecimuris	B_caecimuris	
 3182318  3183150  |  4201689  4200858  |      833      832  |    99.52  |  4800606  4800606  |     0.02     0.02  | B_caecimuris	B_caecimuris	
 3182887  3183214  |  3807179  3806852  |      328      328  |    93.90  |  4800606  4800606  |     0.01     0.01  | B_caecimuris	B_caecimuris	
 3183004  3183193  |  3927690  3927501  |      190      190  |    92.11  |  4800606  4800606  |     0.00     0.00  | B_caecimuris	B_caecimuris	
 3214671  3215466  |  4785698  4784903  |      796      796  |    93.34  |  4800606  4800606  |     0.02     0.02  | B_caecimuris	B_caecimuris	
 3214764  3216419  |  1417591  1415936  |     1656     1656  |    97.71  |  4800606  4800606  |     0.03     0.03  | B_caecimuris	B_caecimuris	
 3216293  3216422  |  4784892  4784763  |      130      130  |   100.00  |  4800606  4800606  |     0.00     0.00  | B_caecimuris	B_caecimuris	
 3220144  3220252  |  3439000  3438892  |      109      109  |    93.58  |  4800606  4800606  |     0.00     0.00  | B_caecimuris	B_caecimuris	
 3220697  3220982  |  3438896  3438610  |      286      287  |    92.68  |  4800606  4800606  |     0.01     0.01  | B_caecimuris	B_caecimuris	
 3221227  3221433  |  3438616  3438411  |      207      206  |    96.62  |  4800606  4800606  |     0.00     0.00  | B_caecimuris	B_caecimuris	
 3223441  3223722  |  3438197  3437933  |      282      265  |    88.34  |  4800606  4800606  |     0.01     0.01  | B_caecimuris	B_caecimuris	
 3342200  3342410  |  1100249  1100039  |      211      211  |    95.26  |  4800606  4800606  |     0.00     0.00  | B_caecimuris	B_caecimuris	
 3342210  3342330  |  2053254  2053134  |      121      121  |    88.43  |  4800606  4800606  |     0.00     0.00  | B_caecimuris	B_caecimuris	
 3342211  3342332  |  2235426  2235305  |      122      122  |    92.62  |  4800606  4800606  |     0.00     0.00  | B_caecimuris	B_caecimuris	
 3357746  3358013  |  1600376  1600109  |      268      268  |    98.88  |  4800606  4800606  |     0.01     0.01  | B_caecimuris	B_caecimuris	
 3357657  3358013  |  4597213  4596857  |      357      357  |    98.60  |  4800606  4800606  |     0.01     0.01  | B_caecimuris	B_caecimuris	
 3358013  3359594  |  4355392  4353811  |     1582     1582  |    98.80  |  4800606  4800606  |     0.03     0.03  | B_caecimuris	B_caecimuris	
 3359595  3359789  |  1600118  1599924  |      195      195  |   100.00  |  4800606  4800606  |     0.00     0.00  | B_caecimuris	B_caecimuris	
 3359595  3359787  |  2481161  2480969  |      193      193  |    98.96  |  4800606  4800606  |     0.00     0.00  | B_caecimuris	B_caecimuris	
 3372050  3372332  |  2579614  2579338  |      283      277  |    86.93  |  4800606  4800606  |     0.01     0.01  | B_caecimuris	B_caecimuris	
 3437933  3438197  |  3223722  3223441  |      265      282  |    88.34  |  4800606  4800606  |     0.01     0.01  | B_caecimuris	B_caecimuris	
 3438411  3438616  |  3221433  3221227  |      206      207  |    96.62  |  4800606  4800606  |     0.00     0.00  | B_caecimuris	B_caecimuris	
 3438610  3438896  |  3220982  3220697  |      287      286  |    92.68  |  4800606  4800606  |     0.01     0.01  | B_caecimuris	B_caecimuris	
 3438892  3439000  |  3220252  3220144  |      109      109  |    93.58  |  4800606  4800606  |     0.00     0.00  | B_caecimuris	B_caecimuris	
 3597717  3599420  |  3752361  3750658  |     1704     1704  |   100.00  |  4800606  4800606  |     0.04     0.04  | B_caecimuris	B_caecimuris	
 3597715  3599420  |  4682323  4680618  |     1706     1706  |    99.94  |  4800606  4800606  |     0.04     0.04  | B_caecimuris	B_caecimuris	
 3599297  3599420  |  4794961  4794838  |      124      124  |   100.00  |  4800606  4800606  |     0.00     0.00  | B_caecimuris	B_caecimuris	
 3647469  3647640  |   741394   741223  |      172      172  |    98.84  |  4800606  4800606  |     0.00     0.00  | B_caecimuris	B_caecimuris	
 3655023  3657747  |   500031   497307  |     2725     2725  |    99.93  |  4800606  4800606  |     0.06     0.06  | B_caecimuris	B_caecimuris	
 3655025  3657748  |  1347717  1344994  |     2724     2724  |    99.93  |  4800606  4800606  |     0.06     0.06  | B_caecimuris	B_caecimuris	
 3689657  3689871  |  1414108  1413894  |      215      215  |    93.49  |  4800606  4800606  |     0.00     0.00  | B_caecimuris	B_caecimuris	
 3713339  3713801  |   344165   343703  |      463      463  |    93.53  |  4800606  4800606  |     0.01     0.01  | B_caecimuris	B_caecimuris	
 3718170  3718244  |      329      255  |       75       75  |   100.00  |  4800606  4800606  |     0.00     0.00  | B_caecimuris	B_caecimuris	
 3718170  3718248  |  1684637  1684559  |       79       79  |   100.00  |  4800606  4800606  |     0.00     0.00  | B_caecimuris	B_caecimuris	
 3750018  3750660  |  4786701  4786059  |      643      643  |    94.40  |  4800606  4800606  |     0.01     0.01  | B_caecimuris	B_caecimuris	
 3750658  3752361  |  3599420  3597717  |     1704     1704  |   100.00  |  4800606  4800606  |     0.04     0.04  | B_caecimuris	B_caecimuris	
 3750660  3752360  |  4233407  4231707  |     1701     1701  |   100.00  |  4800606  4800606  |     0.04     0.04  | B_caecimuris	B_caecimuris	
 3750655  3752361  |  3182323  3180617  |     1707     1707  |    99.88  |  4800606  4800606  |     0.04     0.04  | B_caecimuris	B_caecimuris	
 3752360  3754728  |  1418299  1415931  |     2369     2369  |    99.62  |  4800606  4800606  |     0.05     0.05  | B_caecimuris	B_caecimuris	
 3755831  3756056  |  2874512  2874291  |      226      222  |    90.31  |  4800606  4800606  |     0.00     0.00  | B_caecimuris	B_caecimuris	
 3756346  3756949  |  4415652  4415027  |      604      626  |    92.97  |  4800606  4800606  |     0.01     0.01  | B_caecimuris	B_caecimuris	
 3756346  3756949  |   258029   257447  |      604      583  |    89.27  |  4800606  4800606  |     0.01     0.01  | B_caecimuris	B_caecimuris	
 3756346  3756777  |   707677   707247  |      432      431  |    94.21  |  4800606  4800606  |     0.01     0.01  | B_caecimuris	B_caecimuris	
 3790708  3791000  |  2438789  2438496  |      293      294  |    96.60  |  4800606  4800606  |     0.01     0.01  | B_caecimuris	B_caecimuris	
 3806624  3806938  |  4597213  4596899  |      315      315  |    99.05  |  4800606  4800606  |     0.01     0.01  | B_caecimuris	B_caecimuris	
 3806624  3806938  |  2481508  2481194  |      315      315  |    98.10  |  4800606  4800606  |     0.01     0.01  | B_caecimuris	B_caecimuris	
 3806622  3806871  |   117154   116905  |      250      250  |    98.40  |  4800606  4800606  |     0.01     0.01  | B_caecimuris	B_caecimuris	
 3806624  3806938  |  1380301  1379986  |      315      316  |    98.10  |  4800606  4800606  |     0.01     0.01  | B_caecimuris	B_caecimuris	
 3806624  3806938  |  3910961  3910647  |      315      315  |    99.05  |  4800606  4800606  |     0.01     0.01  | B_caecimuris	B_caecimuris	
 3806852  3807179  |  3183214  3182887  |      328      328  |    93.90  |  4800606  4800606  |     0.01     0.01  | B_caecimuris	B_caecimuris	
 3807190  3807317  |   505610   505483  |      128      128  |    99.22  |  4800606  4800606  |     0.00     0.00  | B_caecimuris	B_caecimuris	
 3807317  3807561  |  1623866  1623622  |      245      245  |    99.18  |  4800606  4800606  |     0.01     0.01  | B_caecimuris	B_caecimuris	
 3809202  3810689  |  4185610  4184144  |     1488     1467  |    83.22  |  4800606  4800606  |     0.03     0.03  | B_caecimuris	B_caecimuris	
 3810689  3812170  |  4183974  4182485  |     1482     1490  |    84.69  |  4800606  4800606  |     0.03     0.03  | B_caecimuris	B_caecimuris	
 3829971  3832948  |  4177850  4174875  |     2978     2976  |    90.37  |  4800606  4800606  |     0.06     0.06  | B_caecimuris	B_caecimuris	
 3833826  3835268  |  4064541  4063099  |     1443     1443  |    99.72  |  4800606  4800606  |     0.03     0.03  | B_caecimuris	B_caecimuris	
 3833826  3835244  |  2528893  2527475  |     1419     1419  |    99.51  |  4800606  4800606  |     0.03     0.03  | B_caecimuris	B_caecimuris	
 3841709  3841884  |   707677   707503  |      176      175  |    96.02  |  4800606  4800606  |     0.00     0.00  | B_caecimuris	B_caecimuris	
 3841709  3841884  |  4415652  4415477  |      176      176  |    97.16  |  4800606  4800606  |     0.00     0.00  | B_caecimuris	B_caecimuris	
 3910429  3910965  |  4326101  4325551  |      537      551  |    95.83  |  4800606  4800606  |     0.01     0.01  | B_caecimuris	B_caecimuris	
 3910427  3910961  |  4234274  4233727  |      535      548  |    95.80  |  4800606  4800606  |     0.01     0.01  | B_caecimuris	B_caecimuris	
 3910647  3910961  |  3806938  3806624  |      315      315  |    99.05  |  4800606  4800606  |     0.01     0.01  | B_caecimuris	B_caecimuris	
 3910430  3910963  |  2412585  2412042  |      534      544  |    96.14  |  4800606  4800606  |     0.01     0.01  | B_caecimuris	B_caecimuris	
 4003473  4004072  |  3180618  3180019  |      600      600  |    98.83  |  4800606  4800606  |     0.01     0.01  | B_caecimuris	B_caecimuris	
 4004037  4004271  |  2000960  2000726  |      235      235  |    98.30  |  4800606  4800606  |     0.00     0.00  | B_caecimuris	B_caecimuris	
 4060458  4062608  |  4237763  4235616  |     2151     2148  |    80.68  |  4800606  4800606  |     0.04     0.04  | B_caecimuris	B_caecimuris	
 4063097  4063225  |  4716668  4716540  |      129      129  |   100.00  |  4800606  4800606  |     0.00     0.00  | B_caecimuris	B_caecimuris	
 4063098  4064559  |  4771219  4769760  |     1462     1460  |    99.45  |  4800606  4800606  |     0.03     0.03  | B_caecimuris	B_caecimuris	
 4063099  4064541  |   685028   683586  |     1443     1443  |    99.45  |  4800606  4800606  |     0.03     0.03  | B_caecimuris	B_caecimuris	
 4063099  4064541  |  3835268  3833826  |     1443     1443  |    99.72  |  4800606  4800606  |     0.03     0.03  | B_caecimuris	B_caecimuris	
 4063094  4064541  |   742843   741395  |     1448     1449  |    99.38  |  4800606  4800606  |     0.03     0.03  | B_caecimuris	B_caecimuris	
 4063099  4063225  |   755478   755352  |      127      127  |   100.00  |  4800606  4800606  |     0.00     0.00  | B_caecimuris	B_caecimuris	
 4172001  4174730  |   492266   489537  |     2730     2730  |    99.96  |  4800606  4800606  |     0.06     0.06  | B_caecimuris	B_caecimuris	
 4172001  4174730  |  1418665  1415936  |     2730     2730  |    98.02  |  4800606  4800606  |     0.06     0.06  | B_caecimuris	B_caecimuris	
 4175068  4177631  |  1809065  1806499  |     2564     2567  |    85.80  |  4800606  4800606  |     0.05     0.05  | B_caecimuris	B_caecimuris	
 4174875  4177850  |  3832948  3829971  |     2976     2978  |    90.37  |  4800606  4800606  |     0.06     0.06  | B_caecimuris	B_caecimuris	
 4182490  4183095  |  1628996  1628391  |      606      606  |    91.75  |  4800606  4800606  |     0.01     0.01  | B_caecimuris	B_caecimuris	
 4182485  4184039  |  3812170  3810625  |     1555     1546  |    84.37  |  4800606  4800606  |     0.03     0.03  | B_caecimuris	B_caecimuris	
 4184118  4185611  |  1627909  1626398  |     1494     1512  |    83.09  |  4800606  4800606  |     0.03     0.03  | B_caecimuris	B_caecimuris	
 4184144  4185610  |  3810689  3809202  |     1467     1488  |    83.22  |  4800606  4800606  |     0.03     0.03  | B_caecimuris	B_caecimuris	
 4187064  4187144  |  1012535  1012455  |       81       81  |   100.00  |  4800606  4800606  |     0.00     0.00  | B_caecimuris	B_caecimuris	
 4200858  4201689  |  3183150  3182318  |      832      833  |    99.52  |  4800606  4800606  |     0.02     0.02  | B_caecimuris	B_caecimuris	
 4216657  4216935  |  1037677  1037422  |      279      256  |    87.54  |  4800606  4800606  |     0.01     0.01  | B_caecimuris	B_caecimuris	
 4220086  4220176  |  2390005  2389917  |       91       89  |    93.41  |  4800606  4800606  |     0.00     0.00  | B_caecimuris	B_caecimuris	
 4233727  4234269  |  2001269  2000726  |      543      544  |    98.53  |  4800606  4800606  |     0.01     0.01  | B_caecimuris	B_caecimuris	
 4233819  4234269  |  1600376  1599926  |      451      451  |    98.45  |  4800606  4800606  |     0.01     0.01  | B_caecimuris	B_caecimuris	
 4233727  4234269  |  1380301  1379761  |      543      541  |    97.43  |  4800606  4800606  |     0.01     0.01  | B_caecimuris	B_caecimuris	
 4233727  4234269  |  4597213  4596674  |      543      540  |    98.53  |  4800606  4800606  |     0.01     0.01  | B_caecimuris	B_caecimuris	
 4235616  4237763  |  4062608  4060458  |     2148     2151  |    80.68  |  4800606  4800606  |     0.04     0.04  | B_caecimuris	B_caecimuris	
 4313178  4313518  |  2383403  2383061  |      341      343  |    89.50  |  4800606  4800606  |     0.01     0.01  | B_caecimuris	B_caecimuris	
 4313386  4313566  |  2658040  2657860  |      181      181  |    92.86  |  4800606  4800606  |     0.00     0.00  | B_caecimuris	B_caecimuris	
 4313202  4313558  |  2211285  2210928  |      357      358  |    90.50  |  4800606  4800606  |     0.01     0.01  | B_caecimuris	B_caecimuris	
 4325552  4325805  |   117155   116905  |      254      251  |    97.64  |  4800606  4800606  |     0.01     0.01  | B_caecimuris	B_caecimuris	
 4325553  4325914  |  4494511  4494150  |      362      362  |    97.79  |  4800606  4800606  |     0.01     0.01  | B_caecimuris	B_caecimuris	
 4325551  4326101  |  3910965  3910429  |      551      537  |    95.83  |  4800606  4800606  |     0.01     0.01  | B_caecimuris	B_caecimuris	
 4325795  4326093  |   115584   115286  |      299      299  |    97.32  |  4800606  4800606  |     0.01     0.01  | B_caecimuris	B_caecimuris	
 4325647  4326096  |  1600376  1599927  |      450      450  |    98.00  |  4800606  4800606  |     0.01     0.01  | B_caecimuris	B_caecimuris	
 4344644  4345190  |  4326096  4325550  |      547      547  |    98.35  |  4800606  4800606  |     0.01     0.01  | B_caecimuris	B_caecimuris	
 4344645  4345188  |   135858   135315  |      544      544  |    98.16  |  4800606  4800606  |     0.01     0.01  | B_caecimuris	B_caecimuris	
 4344868  4345187  |  3927566  3927250  |      320      317  |    96.25  |  4800606  4800606  |     0.01     0.01  | B_caecimuris	B_caecimuris	
 4344702  4345189  |  4480722  4480238  |      488      485  |    92.42  |  4800606  4800606  |     0.01     0.01  | B_caecimuris	B_caecimuris	
 4344990  4345187  |  4231708  4231511  |      198      198  |    98.99  |  4800606  4800606  |     0.00     0.00  | B_caecimuris	B_caecimuris	
 4344643  4345187  |  4234269  4233725  |      545      545  |    97.80  |  4800606  4800606  |     0.01     0.01  | B_caecimuris	B_caecimuris	
 4344868  4345187  |  3806938  3806622  |      320      317  |    97.19  |  4800606  4800606  |     0.01     0.01  | B_caecimuris	B_caecimuris	
 4353811  4355392  |  3359594  3358013  |     1582     1582  |    98.80  |  4800606  4800606  |     0.03     0.03  | B_caecimuris	B_caecimuris	
 4353811  4355391  |  2659621  2658041  |     1581     1581  |    98.80  |  4800606  4800606  |     0.03     0.03  | B_caecimuris	B_caecimuris	
 4415027  4415652  |  3756949  3756346  |      626      604  |    92.97  |  4800606  4800606  |     0.01     0.01  | B_caecimuris	B_caecimuris	
 4415050  4415591  |  2141787  2141268  |      542      520  |    92.62  |  4800606  4800606  |     0.01     0.01  | B_caecimuris	B_caecimuris	
 4415043  4415652  |  3842343  3841709  |      610      635  |    91.05  |  4800606  4800606  |     0.01     0.01  | B_caecimuris	B_caecimuris	
 4434380  4434545  |  4436033  4435870  |      166      164  |    95.18  |  4800606  4800606  |     0.00     0.00  | B_caecimuris	B_caecimuris	
 4434440  4434523  |  1005490  1005406  |       84       85  |    96.47  |  4800606  4800606  |     0.00     0.00  | B_caecimuris	B_caecimuris	
 4435870  4436033  |  4434545  4434380  |      164      166  |    95.18  |  4800606  4800606  |     0.00     0.00  | B_caecimuris	B_caecimuris	
 4443474  4444862  |  3359594  3358206  |     1389     1389  |    99.93  |  4800606  4800606  |     0.03     0.03  | B_caecimuris	B_caecimuris	
 4443474  4444862  |  2659621  2658233  |     1389     1389  |    99.93  |  4800606  4800606  |     0.03     0.03  | B_caecimuris	B_caecimuris	
 4444859  4447591  |  1418668  1415936  |     2733     2733  |    99.41  |  4800606  4800606  |     0.06     0.06  | B_caecimuris	B_caecimuris	
 4494150  4494511  |  4325914  4325553  |      362      362  |    97.79  |  4800606  4800606  |     0.01     0.01  | B_caecimuris	B_caecimuris	
 4494192  4494511  |  3927566  3927250  |      320      317  |    95.00  |  4800606  4800606  |     0.01     0.01  | B_caecimuris	B_caecimuris	
 4506797  4506924  |  4506924  4506797  |      128      128  |    78.46  |  4800606  4800606  |     0.00     0.00  | B_caecimuris	B_caecimuris	
 4533363  4533658  |  2438789  2438494  |      296      296  |    98.31  |  4800606  4800606  |     0.01     0.01  | B_caecimuris	B_caecimuris	
 4574248  4574680  |  4634442  4634010  |      433      433  |    86.93  |  4800606  4800606  |     0.01     0.01  | B_caecimuris	B_caecimuris	
 4574248  4574680  |  4116199  4115767  |      433      433  |    86.67  |  4800606  4800606  |     0.01     0.01  | B_caecimuris	B_caecimuris	
 4596674  4597213  |  4234269  4233727  |      540      543  |    98.53  |  4800606  4800606  |     0.01     0.01  | B_caecimuris	B_caecimuris	
 4596671  4597215  |  2412586  2412042  |      545      545  |    97.98  |  4800606  4800606  |     0.01     0.01  | B_caecimuris	B_caecimuris	
 4596857  4597213  |  3358013  3357657  |      357      357  |    98.60  |  4800606  4800606  |     0.01     0.01  | B_caecimuris	B_caecimuris	
 4596733  4597215  |  4480722  4480240  |      483      483  |    92.96  |  4800606  4800606  |     0.01     0.01  | B_caecimuris	B_caecimuris	
 4596675  4597223  |  4326096  4325544  |      549      553  |    97.47  |  4800606  4800606  |     0.01     0.01  | B_caecimuris	B_caecimuris	
 4596899  4597213  |  3806938  3806624  |      315      315  |    99.05  |  4800606  4800606  |     0.01     0.01  | B_caecimuris	B_caecimuris	
 4633986  4634465  |   344157   343678  |      480      480  |    91.89  |  4800606  4800606  |     0.01     0.01  | B_caecimuris	B_caecimuris	
 4680619  4682323  |  3182319  3180615  |     1705     1705  |    99.88  |  4800606  4800606  |     0.04     0.04  | B_caecimuris	B_caecimuris	
 4680618  4682323  |  3599420  3597715  |     1706     1706  |    99.94  |  4800606  4800606  |     0.04     0.04  | B_caecimuris	B_caecimuris	
 4687523  4688131  |  1838560  1837950  |      609      611  |    86.81  |  4800606  4800606  |     0.01     0.01  | B_caecimuris	B_caecimuris	
 4688166  4691719  |   946720   943167  |     3554     3554  |    99.94  |  4800606  4800606  |     0.07     0.07  | B_caecimuris	B_caecimuris	
 4688140  4691683  |  1469066  1465523  |     3544     3544  |    99.97  |  4800606  4800606  |     0.07     0.07  | B_caecimuris	B_caecimuris	
 4691703  4693386  |  1769864  1768187  |     1684     1678  |    91.69  |  4800606  4800606  |     0.04     0.03  | B_caecimuris	B_caecimuris	
 4701494  4702393  |  2527023  2526124  |      900      900  |    95.89  |  4800606  4800606  |     0.02     0.02  | B_caecimuris	B_caecimuris	
 4710431  4710585  |   986988   986832  |      155      157  |    90.62  |  4800606  4800606  |     0.00     0.00  | B_caecimuris	B_caecimuris	
 4710431  4710584  |  1045560  1045412  |      154      149  |    84.47  |  4800606  4800606  |     0.00     0.00  | B_caecimuris	B_caecimuris	
 4716296  4716423  |   986119   985992  |      128      128  |    99.22  |  4800606  4800606  |     0.00     0.00  | B_caecimuris	B_caecimuris	
 4716540  4716668  |  4063225  4063097  |      129      129  |   100.00  |  4800606  4800606  |     0.00     0.00  | B_caecimuris	B_caecimuris	
 4735257  4737898  |  4754581  4751940  |     2642     2642  |   100.00  |  4800606  4800606  |     0.06     0.06  | B_caecimuris	B_caecimuris	
 4735258  4737900  |  1450911  1448269  |     2643     2643  |    99.92  |  4800606  4800606  |     0.06     0.06  | B_caecimuris	B_caecimuris	
 4739051  4741773  |  1347717  1344995  |     2723     2723  |   100.00  |  4800606  4800606  |     0.06     0.06  | B_caecimuris	B_caecimuris	
 4739051  4741775  |   500029   497305  |     2725     2725  |   100.00  |  4800606  4800606  |     0.06     0.06  | B_caecimuris	B_caecimuris	
 4748954  4749446  |   253209   252717  |      493      493  |    98.58  |  4800606  4800606  |     0.01     0.01  | B_caecimuris	B_caecimuris	
 4751938  4754580  |   508126   505484  |     2643     2643  |    99.92  |  4800606  4800606  |     0.06     0.06  | B_caecimuris	B_caecimuris	
 4751940  4754581  |  4737898  4735257  |     2642     2642  |   100.00  |  4800606  4800606  |     0.06     0.06  | B_caecimuris	B_caecimuris	
 4751940  4754584  |  1489063  1486417  |     2645     2647  |    99.85  |  4800606  4800606  |     0.06     0.06  | B_caecimuris	B_caecimuris	
 4751940  4754580  |  1427908  1425268  |     2641     2641  |    99.96  |  4800606  4800606  |     0.06     0.06  | B_caecimuris	B_caecimuris	
 4767279  4767363  |  4522670  4522583  |       85       88  |    92.13  |  4800606  4800606  |     0.00     0.00  | B_caecimuris	B_caecimuris	
 4769760  4771219  |  4064559  4063098  |     1460     1462  |    99.45  |  4800606  4800606  |     0.03     0.03  | B_caecimuris	B_caecimuris	
 4784763  4784892  |  3216422  3216293  |      130      130  |   100.00  |  4800606  4800606  |     0.00     0.00  | B_caecimuris	B_caecimuris	
 4784765  4784892  |  4447592  4447465  |      128      128  |   100.00  |  4800606  4800606  |     0.00     0.00  | B_caecimuris	B_caecimuris	
 4784766  4784902  |   210663   210527  |      137      137  |   100.00  |  4800606  4800606  |     0.00     0.00  | B_caecimuris	B_caecimuris	
 4784903  4786699  |   630023   628250  |     1797     1774  |    90.93  |  4800606  4800606  |     0.04     0.04  | B_caecimuris	B_caecimuris	
 4784903  4785781  |  4799643  4798765  |      879      879  |    93.17  |  4800606  4800606  |     0.02     0.02  | B_caecimuris	B_caecimuris	
 4784903  4785602  |  4446638  4445939  |      700      700  |    90.14  |  4800606  4800606  |     0.01     0.01  | B_caecimuris	B_caecimuris	
 4784903  4785698  |  3215466  3214671  |      796      796  |    93.34  |  4800606  4800606  |     0.02     0.02  | B_caecimuris	B_caecimuris	
 4786467  4786699  |   782622   782390  |      233      233  |    99.57  |  4800606  4800606  |     0.00     0.00  | B_caecimuris	B_caecimuris	
 4786059  4786701  |  3750660  3750018  |      643      643  |    94.40  |  4800606  4800606  |     0.01     0.01  | B_caecimuris	B_caecimuris	
 4794955  4795098  |  1552455  1552312  |      144      144  |    98.61  |  4800606  4800606  |     0.00     0.00  | B_caecimuris	B_caecimuris	
 4798572  4798754  |  1405166  1404984  |      183      183  |    98.91  |  4800606  4800606  |     0.00     0.00  | B_caecimuris	B_caecimuris	
 4798570  4798754  |   289844   289660  |      185      185  |    97.84  |  4800606  4800606  |     0.00     0.00  | B_caecimuris	B_caecimuris	
  469829   472115  |  1440211  1437922  |     2287     2290  |    89.90  |  3307069  4800606  |     0.07     0.05  | Muribaculum_intestinale	B_caecimuris	
  488234   490813  |  3683509  3680937  |     2580     2573  |    88.57  |  3307069  4800606  |     0.08     0.05  | Muribaculum_intestinale	B_caecimuris	
  492460   494497  |  1287485  1285446  |     2038     2040  |    85.32  |  3307069  4800606  |     0.06     0.04  | Muribaculum_intestinale	B_caecimuris	
  668591   668821  |  1630554  1630321  |      231      234  |    84.19  |  3307069  4800606  |     0.01     0.00  | Muribaculum_intestinale	B_caecimuris	
 1175830  1177107  |  4539480  4538211  |     1278     1270  |    88.21  |  3307069  4800606  |     0.04     0.03  | Muribaculum_intestinale	B_caecimuris	
 1175830  1177107  |   268789   267520  |     1278     1270  |    88.13  |  3307069  4800606  |     0.04     0.03  | Muribaculum_intestinale	B_caecimuris	
 1175830  1177107  |  3796895  3795627  |     1278     1269  |    88.21  |  3307069  4800606  |     0.04     0.03  | Muribaculum_intestinale	B_caecimuris	
 1177535  1178319  |  3795203  3794424  |      785      780  |    84.70  |  3307069  4800606  |     0.02     0.02  | Muribaculum_intestinale	B_caecimuris	
 1177535  1178319  |  4537787  4537008  |      785      780  |    84.70  |  3307069  4800606  |     0.02     0.02  | Muribaculum_intestinale	B_caecimuris	
 1177535  1178319  |   267096   266317  |      785      780  |    84.70  |  3307069  4800606  |     0.02     0.02  | Muribaculum_intestinale	B_caecimuris	
 1179115  1180661  |   265444   263909  |     1547     1536  |    82.88  |  3307069  4800606  |     0.05     0.03  | Muribaculum_intestinale	B_caecimuris	
 1179115  1180661  |  3793479  3791944  |     1547     1536  |    82.88  |  3307069  4800606  |     0.05     0.03  | Muribaculum_intestinale	B_caecimuris	
 1179115  1180661  |  4536135  4534600  |     1547     1536  |    82.88  |  3307069  4800606  |     0.05     0.03  | Muribaculum_intestinale	B_caecimuris	
 1786642  1786807  |  2039512  2039347  |      166      166  |    91.62  |  3307069  4800606  |     0.01     0.00  | Muribaculum_intestinale	B_caecimuris	
 1786557  1786920  |  3718578  3718169  |      364      410  |    78.01  |  3307069  4800606  |     0.01     0.01  | Muribaculum_intestinale	B_caecimuris	
 2594946  2598802  |  3819607  3815751  |     3857     3857  |    95.78  |  3307069  4800606  |     0.12     0.08  | Muribaculum_intestinale	B_caecimuris	
 2653913  2655379  |  1308927  1307461  |     1467     1467  |    89.18  |  3307069  4800606  |     0.04     0.03  | Muribaculum_intestinale	B_caecimuris	
 2653915  2655379  |  4698056  4696591  |     1465     1466  |    92.91  |  3307069  4800606  |     0.04     0.03  | Muribaculum_intestinale	B_caecimuris	
 2661517  2662955  |  1307466  1306042  |     1439     1425  |    85.05  |  3307069  4800606  |     0.04     0.03  | Muribaculum_intestinale	B_caecimuris	
 2661522  2661997  |  4696591  4696115  |      476      477  |    84.79  |  3307069  4800606  |     0.01     0.01  | Muribaculum_intestinale	B_caecimuris	
 2662078  2662968  |  4694937  4694053  |      891      885  |    93.27  |  3307069  4800606  |     0.03     0.02  | Muribaculum_intestinale	B_caecimuris	
 2670829  2671541  |  1257598  1256890  |      713      709  |    85.61  |  3307069  4800606  |     0.02     0.01  | Muribaculum_intestinale	B_caecimuris	
 2672727  2673612  |  1255656  1254770  |      886      887  |    87.08  |  3307069  4800606  |     0.03     0.02  | Muribaculum_intestinale	B_caecimuris	
 2673963  2674394  |  1254762  1254331  |      432      432  |    89.93  |  3307069  4800606  |     0.01     0.01  | Muribaculum_intestinale	B_caecimuris	
 2674141  2674956  |  4688131  4687316  |      816      816  |    87.85  |  3307069  4800606  |     0.02     0.02  | Muribaculum_intestinale	B_caecimuris	
 2674522  2674965  |  1254195  1253751  |      444      445  |    88.47  |  3307069  4800606  |     0.01     0.01  | Muribaculum_intestinale	B_caecimuris	
 2674761  2674970  |  4387257  4387046  |      210      212  |    90.09  |  3307069  4800606  |     0.01     0.00  | Muribaculum_intestinale	B_caecimuris	
 3184275  3185355  |  3833159  3832079  |     1081     1081  |    94.63  |  3307069  4800606  |     0.03     0.02  | Muribaculum_intestinale	B_caecimuris	
 3778139  3778575  |  4538756  4538311  |      437      446  |    84.53  |  3802913  4800606  |     0.01     0.01  | Acutalibacter_muris	B_caecimuris	
 3778139  3778575  |  3796172  3795727  |      437      446  |    84.53  |  3802913  4800606  |     0.01     0.01  | Acutalibacter_muris	B_caecimuris	
 3778139  3778575  |   268065   267620  |      437      446  |    84.53  |  3802913  4800606  |     0.01     0.01  | Acutalibacter_muris	B_caecimuris	
